name	url	imageSrc
bamboo-shoots	https://www.instacart.com/store/items/item_1472498197	https://www.instacart.com/image-server/394x394/filters:fill(FFF,true):format(jpg)/d2lnr5mha7bycj.cloudfront.net/product-image/file/large_b5b1a08c-428d-437e-8a4d-91b25992eb71.jpg
beans-canned-black	https://www.instacart.com/store/items/item_1472488953	https://www.instacart.com/image-server/394x394/filters:fill(FFF,true):format(jpg)/d2lnr5mha7bycj.cloudfront.net/product-image/file/large_66acb48e-7b5d-4021-865e-02dc8839bc56.jpg
beans-canned-garbanzo	https://www.instacart.com/store/items/item_1472968618	https://www.instacart.com/image-server/394x394/filters:fill(FFF,true):format(jpg)/d2lnr5mha7bycj.cloudfront.net/product-image/file/large_d1083fb8-6e75-468f-abad-3d6af0b4710a.jpeg
beans-canned-kidney	https://www.instacart.com/store/items/item_1472490620	https://www.instacart.com/image-server/394x394/filters:fill(FFF,true):format(jpg)/d2lnr5mha7bycj.cloudfront.net/product-image/file/large_f3e976ae-023f-4d23-878a-40f106982213.jpeg
beans-dried-blackeyed-peas	https://www.instacart.com/store/items/item_1472497010	https://www.instacart.com/image-server/394x394/filters:fill(FFF,true):format(jpg)/d2lnr5mha7bycj.cloudfront.net/product-image/file/large_24158dda-586e-4b01-8e9b-00b045d4982f.jpg
bouillon	https://www.instacart.com/store/items/item_1472484924	https://www.instacart.com/image-server/394x394/filters:fill(FFF,true):format(jpg)/d2lnr5mha7bycj.cloudfront.net/product-image/file/large_14e0c28d-01a4-41b0-9487-bd67411c2a0c.png
bread-baguette	https://www.instacart.com/store/items/item_1472501625	https://www.instacart.com/image-server/394x394/filters:fill(FFF,true):format(jpg)/d2lnr5mha7bycj.cloudfront.net/product-image/file/large_adc25fbf-a717-49a2-a43e-3bd2b5ea4328.jpg
bread-english-muffins	https://www.instacart.com/store/items/item_1472467503	https://www.instacart.com/image-server/394x394/filters:fill(FFF,true):format(jpg)/d2lnr5mha7bycj.cloudfront.net/product-image/file/large_e5309162-4fef-4d7d-808c-20baaccdda42.jpg
bread-sandwich	https://www.instacart.com/store/items/item_1472495176	https://www.instacart.com/image-server/394x394/filters:fill(FFF,true):format(jpg)/d2lnr5mha7bycj.cloudfront.net/product-image/file/large_d2d4dd6a-de67-4e52-aa9d-2145ffdcf5f7.png
canned-diced-tomatoes	https://www.instacart.com/store/items/item_1472492126	https://www.instacart.com/image-server/394x394/filters:fill(FFF,true):format(jpg)/d2lnr5mha7bycj.cloudfront.net/product-image/file/large_3ae464b3-fb8d-4e8a-9888-2cb7e9ad579c.png
canned-jackfruit	https://www.instacart.com/store/items/item_1472484312	https://www.instacart.com/image-server/394x394/filters:fill(FFF,true):format(jpg)/d2lnr5mha7bycj.cloudfront.net/product-image/file/large_1ac8e7fc-45b3-4ef4-96d8-f7dc22523b80.png
canned-milk-swt-cond	https://www.instacart.com/store/items/item_1472487627	https://www.instacart.com/image-server/394x394/filters:fill(FFF,true):format(jpg)/d2lnr5mha7bycj.cloudfront.net/product-image/file/large_46941a01-55ae-4912-b4b4-884a65a61553.png
canned-pumpkin	https://www.instacart.com/store/items/item_1472493250	https://www.instacart.com/image-server/394x394/filters:fill(FFF,true):format(jpg)/d2lnr5mha7bycj.cloudfront.net/product-image/file/large_1299b246-2980-4c46-bc51-6804e7a9e575.png
cayenne	https://www.instacart.com/store/items/item_2315786917	https://www.instacart.com/image-server/394x394/filters:fill(FFF,true):format(jpg)/d2lnr5mha7bycj.cloudfront.net/product-image/file/large_adf13072-915c-4310-9485-3dfe84cd0c09.png
chocolate-chips	https://www.instacart.com/store/items/item_1472495461	https://www.instacart.com/image-server/394x394/filters:fill(FFF,true):format(jpg)/d2lnr5mha7bycj.cloudfront.net/product-image/file/large_cbdcc237-a719-473b-86fd-8db3caad829b.png
chocolate-chips	https://www.instacart.com/store/items/item_1472497738	https://www.instacart.com/image-server/394x394/filters:fill(FFF,true):format(jpg)/d2lnr5mha7bycj.cloudfront.net/product-image/file/large_24691b9d-4ee6-4724-a591-26ed1a896703.jpg
chocolate-ginger    cocoa	https://www.instacart.com/store/items/item_1472480973	https://www.instacart.com/image-server/394x394/filters:fill(FFF,true):format(jpg)/d2lnr5mha7bycj.cloudfront.net/product-image/file/large_1a3481db-c0a3-47de-b367-a69329ad1399.png
chocolate-orange	https://www.instacart.com/store/items/item_1472498110	https://www.instacart.com/image-server/394x394/filters:fill(FFF,true):format(jpg)/d2lnr5mha7bycj.cloudfront.net/product-image/file/large_09baad27-edcd-4fd4-a2b3-c9369a9c396b.png
cocoa-powder	https://www.instacart.com/store/items/item_1472471123	https://www.instacart.com/image-server/394x394/filters:fill(FFF,true):format(jpg)/d2lnr5mha7bycj.cloudfront.net/product-image/file/large_d137c99f-c103-43e2-bfd9-694c26308f20.png
coffee	https://www.instacart.com/store/items/item_1472489533	https://www.instacart.com/image-server/394x394/filters:fill(FFF,true):format(jpg)/d2lnr5mha7bycj.cloudfront.net/product-image/file/large_5b7661b4-7ed7-4687-a8c9-7d10fa136b5a.jpg
dates	https://www.instacart.com/store/items/item_1472474867	https://www.instacart.com/image-server/394x394/filters:fill(FFF,true):format(jpg)/d2lnr5mha7bycj.cloudfront.net/product-image/file/large_03d32226-fa8e-4fe5-9ba1-572965d51213.png
dressing-bals-vinaig	https://www.instacart.com/store/items/item_1472490864	https://www.instacart.com/image-server/394x394/filters:fill(FFF,true):format(jpg)/d2lnr5mha7bycj.cloudfront.net/product-image/file/large_b1777488-40cc-46ad-82b5-c75259bffa6f.png
dressing-goddess	https://www.instacart.com/store/items/item_1472472141	https://www.instacart.com/image-server/394x394/filters:fill(FFF,true):format(jpg)/d2lnr5mha7bycj.cloudfront.net/product-image/file/large_c3a9f2ab-1875-4643-a128-bda482ba7078.png
dressing-non-avocado	https://www.instacart.com/store/items/item_1472489378	https://www.instacart.com/image-server/394x394/filters:fill(FFF,true):format(jpg)/d2lnr5mha7bycj.cloudfront.net/product-image/file/large_5170f95e-832c-4cea-9df2-3fd103392610.png
flour-all-purpose	https://www.instacart.com/store/items/item_1472479776	https://www.instacart.com/image-server/394x394/filters:fill(FFF,true):format(jpg)/d2lnr5mha7bycj.cloudfront.net/product-image/file/large_f9f7527d-b4bf-4abb-ac0c-32d9c2adf1bb.jpg
flour-chickpea	https://www.instacart.com/store/items/item_1697053439	https://www.instacart.com/image-server/394x394/filters:fill(FFF,true):format(jpg)/d2lnr5mha7bycj.cloudfront.net/product-image/file/large_2e2bfa59-73d2-4b25-b0e8-73a8c123064a.jpg
granola-bulk	https://www.instacart.com/store/items/item_1472499424	https://www.instacart.com/image-server/394x394/filters:fill(FFF,true):format(jpg)/d2lnr5mha7bycj.cloudfront.net/product-image/file/large_c81e50c9-4e37-4e24-bb74-014ef6b06e54.png
granola-cacao	https://www.instacart.com/store/items/item_1472477136	https://www.instacart.com/image-server/394x394/filters:fill(FFF,true):format(jpg)/d2lnr5mha7bycj.cloudfront.net/product-image/file/large_5ada63dc-30b5-42ef-ae2c-b31758d32d1e.jpg
hotsauce-melindas-reg	https://www.instacart.com/store/items/item_1472479983	https://www.instacart.com/image-server/394x394/filters:fill(FFF,true):format(jpg)/d2lnr5mha7bycj.cloudfront.net/product-image/file/large_30ce59d7-67ba-44e1-acad-966c3170b4cb.png
hotsauce-melindas-xxx	https://www.instacart.com/store/items/item_1472499812	https://www.instacart.com/image-server/394x394/filters:fill(FFF,true):format(jpg)/d2lnr5mha7bycj.cloudfront.net/product-image/file/large_3762b020-68e1-43a9-8c7f-6ef56043e5e9.png
hotsauce-sriracha	https://www.instacart.com/store/items/item_1472478024	https://www.instacart.com/image-server/394x394/filters:fill(FFF,true):format(jpg)/d2lnr5mha7bycj.cloudfront.net/product-image/file/large_23a53968-01af-47d0-a695-2a3430ea1be0.png
hotsauce-tabasco	https://www.instacart.com/store/items/item_1472492076	https://www.instacart.com/image-server/394x394/filters:fill(FFF,true):format(jpg)/d2lnr5mha7bycj.cloudfront.net/product-image/file/large_a78db03b-5875-44f4-8780-deecc81471a7.png
jam-fig	https://www.instacart.com/store/items/item_1472489372	https://www.instacart.com/image-server/394x394/filters:fill(FFF,true):format(jpg)/d2lnr5mha7bycj.cloudfront.net/product-image/file/large_4f5bd122-a22a-45f9-bf28-072d7f374795.png
jerky	https://www.instacart.com/store/items/item_1472469927	https://www.instacart.com/image-server/394x394/filters:fill(FFF,true):format(jpg)/d2lnr5mha7bycj.cloudfront.net/product-image/file/large_2675c103-000a-4e79-b6a4-3e161ebb8714.png
ketchup	https://www.instacart.com/store/items/item_1472490192	https://www.instacart.com/image-server/394x394/filters:fill(FFF,true):format(jpg)/d2lnr5mha7bycj.cloudfront.net/product-image/file/large_18570b9b-53b4-44bf-870c-428209ceb92a.png
lemon-juice	https://www.instacart.com/store/items/item_1472493710	https://www.instacart.com/image-server/394x394/filters:fill(FFF,true):format(jpg)/d2lnr5mha7bycj.cloudfront.net/product-image/file/large_b6155600-761c-4eca-a09d-d6d149dce065.png
mac-orange	https://www.instacart.com/store/items/item_1472485047	https://www.instacart.com/image-server/394x394/filters:fill(FFF,true):format(jpg)/d2lnr5mha7bycj.cloudfront.net/product-image/file/large_b4097a54-09a0-4cc3-8539-0b0a7b14f693.png
mac-white	https://www.instacart.com/store/items/item_1472533513	https://www.instacart.com/image-server/394x394/filters:fill(FFF,true):format(jpg)/d2lnr5mha7bycj.cloudfront.net/product-image/file/large_1d047c7a-e0c2-4b4c-b22b-21d91ab5481f.png
marshmallows	https://www.instacart.com/store/items/item_1472476262	https://www.instacart.com/image-server/394x394/filters:fill(FFF,true):format(jpg)/d2lnr5mha7bycj.cloudfront.net/product-image/file/large_0286ff89-f5d6-4f49-ace4-9c06b7cc21ce.png
mayo	https://www.instacart.com/store/items/item_1472465752	https://www.instacart.com/image-server/394x394/filters:fill(FFF,true):format(jpg)/d2lnr5mha7bycj.cloudfront.net/product-image/file/large_42342cdc-f4d3-4c0a-8953-5351d67dfbbc.png
mustard-deli	https://www.instacart.com/store/items/item_1472974015	https://www.instacart.com/image-server/394x394/filters:fill(FFF,true):format(jpg)/d2lnr5mha7bycj.cloudfront.net/product-image/file/large_4b00aefb-397c-4c6c-a75f-6c35da2ac91a.png
my-local-honey-raw-honey	https://www.instacart.com/store/items/item_1472495853	https://www.instacart.com/image-server/394x394/filters:fill(FFF,true):format(jpg)/d2lnr5mha7bycj.cloudfront.net/product-image/file/large_cfde3dea-d60f-433c-9d64-9435b5bae5e2.jpg
nutritional-yeast	https://www.instacart.com/store/items/item_1472473674	https://www.instacart.com/image-server/394x394/filters:fill(FFF,true):format(jpg)/d2lnr5mha7bycj.cloudfront.net/product-image/file/large_e9905e68-ba5a-4d04-a9c4-c3f384139dd9.jpg
oil-canola	https://www.instacart.com/store/items/item_1472494099	https://www.instacart.com/image-server/514x514/filters:fill(FFF,true):format(jpg)/d2lnr5mha7bycj.cloudfront.net/product-image/file/large_430188be-488c-45cb-a0e5-46b381d2cd45.png
oil-olive-robust	https://www.instacart.com/store/items/item_1472467835	https://www.instacart.com/image-server/394x394/filters:fill(FFF,true):format(jpg)/d2lnr5mha7bycj.cloudfront.net/product-image/file/large_c96081ff-f793-4598-93dd-35b3855f2015.png
oil-safflower	https://www.instacart.com/store/items/item_1472492575	https://www.instacart.com/image-server/394x394/filters:fill(FFF,true):format(jpg)/d2lnr5mha7bycj.cloudfront.net/product-image/file/large_ff1caf77-7bbc-4857-8ff0-0313490eaa9a.jpg
pasta-conchiglie	https://www.instacart.com/store/items/item_1472527992	https://www.instacart.com/image-server/394x394/filters:fill(FFF,true):format(jpg)/d2lnr5mha7bycj.cloudfront.net/product-image/file/large_dc8eae65-679a-43ae-ac5f-5337d7627bd3.jpg
pasta-penne	https://www.instacart.com/store/items/item_1472493107	https://www.instacart.com/image-server/394x394/filters:fill(FFF,true):format(jpg)/d2lnr5mha7bycj.cloudfront.net/product-image/file/large_df1e395c-0bd6-4111-a96c-b08a7a5064b2.jpg
root-beer	https://www.instacart.com/store/items/item_1472517838	https://www.instacart.com/image-server/394x394/filters:fill(FFF,true):format(jpg)/d2lnr5mha7bycj.cloudfront.net/product-image/file/large_8df42561-4abf-4afc-8837-4afe20e6a6a2.jpg
salsa-herdez	https://www.instacart.com/store/items/item_1472477104	https://www.instacart.com/image-server/394x394/filters:fill(FFF,true):format(jpg)/d2lnr5mha7bycj.cloudfront.net/product-image/file/large_480a8142-4346-4834-8183-4ade177a3eb2.JPG
sauce-arrabbiata	https://www.instacart.com/store/items/item_1472497850	https://www.instacart.com/image-server/394x394/filters:fill(FFF,true):format(jpg)/d2lnr5mha7bycj.cloudfront.net/product-image/file/large_69355b47-e800-4b8f-b772-4cf743d1bbf7.jpg
sauce-vodka	https://www.instacart.com/store/items/item_1472492887	https://www.instacart.com/image-server/394x394/filters:fill(FFF,true):format(jpg)/d2lnr5mha7bycj.cloudfront.net/product-image/file/large_cb4ce5f7-d040-4dfa-a14d-15a4ec7aebb7.png
syrup	https://www.instacart.com/store/items/item_1472491010	https://www.instacart.com/image-server/394x394/filters:fill(FFF,true):format(jpg)/d2lnr5mha7bycj.cloudfront.net/product-image/file/large_706b0ccf-23e3-45ac-84f7-c468d56282c4.jpg
tamari	https://www.instacart.com/store/items/item_1472466408	https://www.instacart.com/image-server/394x394/filters:fill(FFF,true):format(jpg)/d2lnr5mha7bycj.cloudfront.net/product-image/file/large_fe00cf06-0eb2-4408-94b6-bdf70609d264.png
tomatoes	https://www.instacart.com/store/items/item_1472470744	https://www.instacart.com/image-server/394x394/filters:fill(FFF,true):format(jpg)/d2lnr5mha7bycj.cloudfront.net/product-image/file/large_739da885-60bf-4aae-b7b5-2020fe06b25f.png
tortilla-chips	https://www.instacart.com/store/items/item_1472487917	https://www.instacart.com/image-server/394x394/filters:fill(FFF,true):format(jpg)/d2lnr5mha7bycj.cloudfront.net/product-image/file/large_5f7c3bf2-5010-4fe1-9961-f0a94627f69a.jpeg
tortillas	https://www.instacart.com/store/items/item_1472477124	https://www.instacart.com/image-server/394x394/filters:fill(FFF,true):format(jpg)/d2lnr5mha7bycj.cloudfront.net/product-image/file/large_e37f4723-b439-4065-bad5-ae8994269402.png
vegetable-broth	https://www.instacart.com/store/items/item_1472495881	https://www.instacart.com/image-server/394x394/filters:fill(FFF,true):format(jpg)/d2lnr5mha7bycj.cloudfront.net/product-image/file/large_67b72d0d-5988-4fe2-93da-01f6141190d2.jpg
vegetable-broth	https://www.instacart.com/store/items/item_1472496716	https://www.instacart.com/image-server/394x394/filters:fill(FFF,true):format(jpg)/d2lnr5mha7bycj.cloudfront.net/product-image/file/large_a9491715-8d0c-4d60-88d0-19c5c03d1ce4.jpg
vegetable-broth	https://www.instacart.com/store/items/item_1472501263	https://www.instacart.com/image-server/394x394/filters:fill(FFF,true):format(jpg)/d2lnr5mha7bycj.cloudfront.net/product-image/file/large_0cf4c1a7-b36b-44c9-9520-f6471d60c211.jpg
vinegar-apple-cider	https://www.instacart.com/store/items/item_1472484807	https://www.instacart.com/image-server/394x394/filters:fill(FFF,true):format(jpg)/d2lnr5mha7bycj.cloudfront.net/product-image/file/large_ae767957-36ce-4c4f-80cc-2e3fe139c845.jpg
vinegar-rice	https://www.instacart.com/store/items/item_1472522663	https://www.instacart.com/image-server/394x394/filters:fill(FFF,true):format(jpg)/d2lnr5mha7bycj.cloudfront.net/product-image/file/large_0c4981fc-adc8-43bd-9b90-d19d44962cee.jpg
vinegar-white	https://www.instacart.com/store/items/item_1472477019	https://www.instacart.com/image-server/394x394/filters:fill(FFF,true):format(jpg)/d2lnr5mha7bycj.cloudfront.net/product-image/file/large_99bcc59b-fc74-41e3-8aa7-69e5f5db3118.jpeg
walnuts	https://www.instacart.com/store/items/item_1472474149	https://www.instacart.com/image-server/394x394/filters:fill(FFF,true):format(jpg)/d2lnr5mha7bycj.cloudfront.net/product-image/file/large_3b821036-8a16-422a-8794-dc009bf7db95.jpg
